Title,Address,Phone
와이비엠에듀,서울 종로구 종로 104,02-581-0509
파고다어학원 종로점,서울 종로구 청계천로 93,02-2274-4000
YBM어학원 종로e4u,"서울 종로구 삼일대로20길 6 1~5층, 7~9층",02-2279-0509
해커스어학원 종로캠퍼스,서울 종로구 인사동길 12 대일빌딩 4층,02-502-2000
YBM 종로CBT센터,서울 종로구 종로 104 본관지하,
시사일본어학원 종로캠퍼스,서울 종로구 종로12길 6,02-737-1582
와이비엠교육 종로지점,서울 종로구 창경궁로 112-7 인의빌딩 5층,02-2275-0509
YBM어학원 CBT종로센터,서울 종로구 종로 104 본관 지하,
YBM어학원 종로센터(원투원),서울 종로구 종로 104,02-2264-0509
르몽드어학원,"서울 종로구 종로12길 18 우석빌딩 5, 7, 8층",02-723-7713
와이비엠종로이포유어학원,서울 종로구 종로 104,02-2279-0509
그린한국어학원,서울 종로구 청계천로 61 대한방직협회 7층,02-732-1128
시사일본어학원 종로캠퍼스 테스트메이트,서울 종로구 삼일대로17길 16,02-736-1582
이알피어학원 종로아이엘츠학원,서울 종로구 청계천로 99 수표교빌딩 4층,02-737-1516
시사중국어학원 종로캠퍼스,서울 종로구 종로12길 6 5층,02-739-9582
와이비엠에듀,서울 종로구 종로 104,02-581-0509
파고다어학원 종로점,서울 종로구 청계천로 93,02-2274-4000
YBM어학원 종로e4u,"서울 종로구 삼일대로20길 6 1~5층, 7~9층",02-2279-0509
해커스어학원 종로캠퍼스,서울 종로구 인사동길 12 대일빌딩 4층,02-502-2000
YBM 종로CBT센터,서울 종로구 종로 104 본관지하,
시사일본어학원 종로캠퍼스,서울 종로구 종로12길 6,02-737-1582
와이비엠교육 종로지점,서울 종로구 창경궁로 112-7 인의빌딩 5층,02-2275-0509
YBM어학원 CBT종로센터,서울 종로구 종로 104 본관 지하,
YBM어학원 종로센터(원투원),서울 종로구 종로 104,02-2264-0509
르몽드어학원,"서울 종로구 종로12길 18 우석빌딩 5, 7, 8층",02-723-7713
와이비엠종로이포유어학원,서울 종로구 종로 104,02-2279-0509
그린한국어학원,서울 종로구 청계천로 61 대한방직협회 7층,02-732-1128
시사일본어학원 종로캠퍼스 테스트메이트,서울 종로구 삼일대로17길 16,02-736-1582
이알피어학원 종로아이엘츠학원,서울 종로구 청계천로 99 수표교빌딩 4층,02-737-1516
시사중국어학원 종로캠퍼스,서울 종로구 종로12길 6 5층,02-739-9582
수도어학학원,서울 종로구 종로 403,02-922-9861
와세다일본어학원,서울 종로구 우정국로2길 21 대왕빌딩 3층,02-733-1515
코니스,서울 종로구 평창12길 18,02-3217-9030
아베체 독일어학원 종로점,서울 종로구 종로 68 대한기독교서회 4층 2호,02-722-5583
이치고이치에학원,서울 종로구 삼일대로15길 17 금옥학술재안빌딩 8층,02-735-5679
윤선생영어교실 영어숲 종로창신점,서울 종로구 낙산길 196,02-747-0594
EDB어학원,서울 종로구 종로 65 2-3층,02-732-8205
김지원영어학원,서울 종로구 송월길 110,02-725-1903
랭귀지큐브 종로센터,서울 종로구 삼봉로 57 호수빌딩 6층,02-734-1105
한형민어학원,서울 종로구 종로 19 르메이에르종로타운1 510호,02-2075-5858
잉글리쉬튠즈어학원,서울 종로구 창경궁로 251 대명빌딩 2층,02-742-1351
이주미고등영어,서울 종로구 통일로 266,02-739-0509
플랜티어학원,"서울 종로구 수표로 105 육의전빌딩 4층,8~9층",02-735-3322
시사일본어학원 테스트메이트 별관,"서울 종로구 삼일대로17길 16 2,3층",02-736-9582
윤선생영어숲 종로평창보습학원,서울 종로구 평창12길 3,02-391-4892
수도어학학원,서울 종로구 종로 403,02-922-9861
와세다일본어학원,서울 종로구 우정국로2길 21 대왕빌딩 3층,02-733-1515
코니스,서울 종로구 평창12길 18,02-3217-9030
아베체 독일어학원 종로점,서울 종로구 종로 68 대한기독교서회 4층 2호,02-722-5583
이치고이치에학원,서울 종로구 삼일대로15길 17 금옥학술재안빌딩 8층,02-735-5679
윤선생영어교실 영어숲 종로창신점,서울 종로구 낙산길 196,02-747-0594
EDB어학원,서울 종로구 종로 65 2-3층,02-732-8205
김지원영어학원,서울 종로구 송월길 110,02-725-1903
랭귀지큐브 종로센터,서울 종로구 삼봉로 57 호수빌딩 6층,02-734-1105
한형민어학원,서울 종로구 종로 19 르메이에르종로타운1 510호,02-2075-5858
잉글리쉬튠즈어학원,서울 종로구 창경궁로 251 대명빌딩 2층,02-742-1351
이주미고등영어,서울 종로구 통일로 266,02-739-0509
플랜티어학원,"서울 종로구 수표로 105 육의전빌딩 4층,8~9층",02-735-3322
시사일본어학원 테스트메이트 별관,"서울 종로구 삼일대로17길 16 2,3층",02-736-9582
윤선생영어숲 종로평창보습학원,서울 종로구 평창12길 3,02-391-4892
조인엘엠피어학원,서울 종로구 평창문화로 139 서호빌딩 2층,02-566-6115
경희궁키즈엔리딩영어학원,서울 종로구 송월길 136 서원빌딩 1층,02-6465-0579
키위북웜스,서울 종로구 자하문로 79 202호,0507-1408-4363
유케이어학원,서울 종로구 평창문화로 6-3 고석빌딩 1층,02-394-6418
NY잉글리시스튜디오,서울 종로구 창경궁로 270,02-763-9905
프로페영어회화,서울 종로구 종로 1 교보생명빌딩 15층 38호,0507-1315-1609
서울리딩룸,서울 종로구 자하문로 116-1,
에듀윌경영아카데미,서울 종로구 수표로 96,02-6010-0600
신중성어학원 종로캠퍼스,서울 종로구 우정국로2길 21 대왕빌딩 5층,02-733-8279
유니드플러스,서울 종로구 율곡로2길 7 써머셋스위트로얄팰리스 308호,02-722-0707
YBM어학원 종로중국어센터,서울 종로구 종로 104,02-2278-0509
BK영어전문학원,서울 종로구 평창12길 3,02-379-8297
와이비엠종로이포유어학원 종로2관,서울 종로구 삼일대로20길 6,02-2279-0509
포어스트랜즈잉글리쉬러닝센터학원,서울 종로구 진흥로 443,02-395-8008
오자희영어교실,서울 종로구 자하문로 312-18,02-396-1611
FJ어학원,서울 종로구 종로 77 통일빌딩 4층,02-722-8215
EEIC Academy,서울 종로구 창덕궁3나길 24,070-8098-4841
이주미이주헌영어학원,서울 종로구 통일로 246-10 2층,
경희궁키즈잉글리쉬,"서울 종로구 송월길 99 경희궁자이2단지 상가 2층 2206,2214호",010-7400-0555
벌리츠코리아 광화문센터,서울 종로구 종로1길 50 더케이트윈타워 B동 2층,02-775-1441
JC독문화독일어학원,서울 종로구 우정국로2길 42 덕산빌딩 6층,02-730-8389
고경희소리영어훈련소,서울 종로구 수표로 105,010-6266-4847
용기의숲영어교습소,서울 종로구 이화장길 36-2,
셀크영어교습소,서울 종로구 옥인길 22-1,
이주헌중등영어,서울 종로구 통일로 266,02-467-0509
삼성영어 혜화초학습관,서울 종로구 성균관로16길 8 202호,0507-1409-0783
IO영어,서울 종로구 자하문로 83 2층,02-725-4752
P.E.S.,서울 종로구 세종대로23길 47 1층 30호,0507-1417-2707
리딩업,서울 종로구 통일로 246-10 무악현대상가 3층 304호,010-5790-0596
무비랑,서울 종로구 종로 413 동보빌딩 5층,02-1544-3634
스마트리딩넘버원영어교습소,서울 종로구 송월길 155,02-732-9409
쥬빌리영어학원,서울 종로구 평창문화로 6-1 2층,02-3216-0579
글로벌어학원 종로점,서울 종로구 삼일대로15길 19 글로벌빌딩 3충,02-733-8282
한림일본어학원 한국지사,서울 종로구 종로 19 르메이에르종로타운 A동 1509호,02-722-8333
이엠잉글리쉬,서울 종로구 난계로 259 경일오피스텔 303호,080-234-8847
차이나탄캠프 광화문을지로센터,서울 종로구 종로1길 50 케이트윈타워 wework 3층,070-7777-7586
랩스어학원 종로점,서울 종로구 율곡로 84 가든타워 1203호,
스패로우잉글리쉬영어교습소,서울 종로구 진흥로 490,02-3216-0579
NED어학원,서울 종로구 동숭길 25 3층,
동양외국어학원,서울 종로구 창신1길 12,
하이플러스영어학원,서울 종로구 이화장1길 12,
이초영 잉글리쉬스튜디오,서울 종로구 종로 369,070-7716-2020
해법중국어교실 명륜동점,서울 종로구 성균관로 75 1층,02-6084-8899
시사아카데미법인,서울 종로구 삼일대로17길 16,02-730-1582
이탑영어학원,"서울 종로구 평창12길 3 나라빌딩 402,406호",02-379-1188
중국어능력시험시험관리위원회,서울 종로구 삼일대로17길 16,02-737-1593
이종권일본어학원,서울 종로구 우정국로2길 21,
북앤톡영어교습소,서울 종로구 송월길 99 경희궁자이 2단지 상가 2228호,010-7514-3675
비타어학원기업체외국어교육,"서울 종로구 종로 120 동영타워 6층, B2층",02-737-2421
비자코리아,서울 종로구 창신길 16,010-3118-8715
독문화독일어 통역학원 종로캠퍼스,서울 종로구 우정국로2길 42 덕산빌딩 6층,
패스트원 광화문센터,서울 종로구 종로5길 7,
따광화중국어학원,서울 종로구 송월길 99 경희궁 자이 상가 2단지 2230호,02-725-3332
제니스영어교습소,서울 종로구 세검정로9길 19,010-9267-4008
이피리언 영어학원,서울 종로구 송월길 159 102호,02-738-9197
ENP 종각점,서울 종로구 종로 80-2,02-2135-9755
시사에듀,서울 종로구 종로8길 21 남창빌딩 501호,
잉글리쉬커넥트,서울 종로구 대학로 136 4층,
글로벌영재영어교습소,서울 종로구 지봉로 64 4층,
따광화중국어교습소,서울 종로구 송월길 99,
와이즈연구소,서울 종로구 새문안로 69,070-7820-3944
오늘영어교습소,서울 종로구 혜화로 23,
언어교육,서울 종로구 경희궁길 26,
나비아이앤티,서울 종로구 삼봉로 57,02-720-3216
CEI어학원,서울 종로구 성균관로 10 2층,
킹스컬리지어학학원,서울 성북구 성북로9길 9,02-3676-0505
영어이야기,서울 서대문구 세검정로 94,
푸른영어듣기교실 서대문지사,서울 서대문구 통일로34길 48,02-396-5568
차일드유 정석학원,서울 서대문구 세검정로 90,02-396-3660
에이스수능영어교습소,서울 서대문구 간호대로 3,02-3216-9992
탑클래스영어학원,"서울 서대문구 세검정로 89 예학빌딩 3층 301,302호",02-3417-0505
모리일본어교습소,서울 서대문구 통일로34길 35 상가1동 1층 14호,
연세IG영어,서울 서대문구 세검정로 99,
하이줄리영어,서울 서대문구 통일로34길 35 홍제원현대아파트상가 1층 17호,010-3077-1272
3030영어,서울 서대문구 통일로34길 35,
